const_id,const_name,party,gender,category,muslim,C&G,G&M,M&C
1,Behat,INC,M,GEN,FALSE,FALSE,FALSE,FALSE
2,Nakur,BJP,M,GEN,FALSE,FALSE,FALSE,FALSE
3,Saharanpur Nagar,SP,M,GEN,FALSE,FALSE,FALSE,FALSE
4,Saharanpur,INC,M,GEN,TRUE,FALSE,FALSE,FALSE
5,Deoband,BJP,M,GEN,FALSE,FALSE,FALSE,FALSE
6,Rampur Maniharan,BJP,M,S.C.,FALSE,FALSE,FALSE,FALSE
7,Gangoh,BJP,M,GEN,FALSE,FALSE,FALSE,FALSE
8,Kairana,SP,M,GEN,TRUE,FALSE,FALSE,FALSE
9,Thana Bhawan,BJP,M,GEN,FALSE,FALSE,FALSE,FALSE
10,Shamli,BJP,M,GEN,FALSE,FALSE,FALSE,FALSE
11,Budhana,BJP,M,GEN,FALSE,FALSE,FALSE,FALSE
12,Charthawal,BJP,M,GEN,FALSE,FALSE,FALSE,FALSE
13,Purqazi,BJP,M,S.C.,FALSE,FALSE,FALSE,FALSE
14,Muzaffar Nagar,BJP,M,GEN,FALSE,FALSE,FALSE,FALSE
15,Khatauli,BJP,M,GEN,FALSE,FALSE,FALSE,FALSE
16,Meerapur,BJP,M,GEN,FALSE,FALSE,FALSE,FALSE
17,Najibabad,SP,M,GEN,TRUE,FALSE,FALSE,FALSE
18,Nagina,SP,M,S.C.,FALSE,FALSE,FALSE,FALSE
19,Barhapur,BJP,M,GEN,FALSE,FALSE,FALSE,FALSE
20,Dhampur,BJP,M,GEN,FALSE,FALSE,FALSE,FALSE
21,Nehtaur,BJP,M,S.C.,FALSE,FALSE,FALSE,FALSE
22,Bijnor,BJP,F,GEN,FALSE,FALSE,FALSE,FALSE
23,Chandpur,BJP,M,GEN,FALSE,FALSE,FALSE,FALSE
24,Noorpur,BJP,M,GEN,FALSE,FALSE,FALSE,FALSE
25,Kanth,BJP,M,GEN,FALSE,FALSE,FALSE,FALSE
26,Thakurdwara,SP,M,GEN,TRUE,FALSE,FALSE,FALSE
27,Moradabad Rural,SP,M,GEN,TRUE,FALSE,FALSE,FALSE
28,Moradabad Nagar,BJP,M,GEN,FALSE,FALSE,FALSE,FALSE
29,Kundarki,SP,M,GEN,TRUE,FALSE,FALSE,FALSE
30,Bilari,SP,M,GEN,TRUE,FALSE,FALSE,FALSE
31,Chandausi,BJP,F,S.C.,FALSE,FALSE,FALSE,FALSE
32,Asmoli,SP,F,GEN,FALSE,FALSE,FALSE,FALSE
33,Sambhal,SP,M,GEN,TRUE,FALSE,FALSE,FALSE
34,Suar,SP,M,GEN,TRUE,FALSE,FALSE,FALSE
35,Chamraua,SP,M,GEN,TRUE,FALSE,FALSE,FALSE
36,Bilaspur,BJP,M,GEN,FALSE,FALSE,FALSE,FALSE
37,Rampur,SP,M,GEN,TRUE,FALSE,FALSE,FALSE
38,Milak,BJP,F,S.C.,FALSE,FALSE,FALSE,FALSE
39,Dhanaura,BJP,M,S.C.,FALSE,FALSE,FALSE,FALSE
40,Naugawan Sadat,BJP,M,GEN,FALSE,FALSE,FALSE,FALSE
41,Amroha,SP,M,GEN,TRUE,FALSE,FALSE,FALSE
42,Hasanpur,BJP,M,GEN,FALSE,FALSE,FALSE,FALSE
43,Siwalkhas,BJP,M,GEN,FALSE,FALSE,FALSE,FALSE
44,Sardhana,BJP,M,GEN,FALSE,FALSE,FALSE,FALSE
45,Hastinapur,BJP,M,S.C.,FALSE,FALSE,FALSE,FALSE
46,Kithore,BJP,M,GEN,FALSE,FALSE,FALSE,FALSE
47,Meerut Cantt.,BJP,M,GEN,FALSE,FALSE,FALSE,FALSE
48,Meerut,SP,M,GEN,TRUE,FALSE,FALSE,FALSE
49,Meerut South,BJP,M,GEN,FALSE,FALSE,FALSE,FALSE
50,Chhaprauli,Rashtriya Lok Dal,M,GEN,FALSE,FALSE,FALSE,FALSE
51,Baraut,BJP,M,GEN,FALSE,FALSE,FALSE,FALSE
52,Baghpat,BJP,M,GEN,FALSE,FALSE,FALSE,FALSE
53,Loni,BJP,M,GEN,FALSE,FALSE,FALSE,FALSE
54,Muradnagar,BJP,M,GEN,FALSE,FALSE,FALSE,FALSE
55,Sahibabad,BJP,M,GEN,FALSE,FALSE,FALSE,FALSE
56,Ghaziabad,BJP,M,GEN,FALSE,FALSE,FALSE,FALSE
57,Modi Nagar,BJP,F,GEN,FALSE,FALSE,FALSE,FALSE
58,Dholana,BSP,M,GEN,TRUE,FALSE,FALSE,FALSE
59,Hapur,BJP,M,S.C.,FALSE,FALSE,FALSE,FALSE
60,Garhmukteshwar,BJP,M,GEN,FALSE,FALSE,FALSE,FALSE
61,Noida,BJP,M,GEN,FALSE,FALSE,FALSE,FALSE
62,Dadri,BJP,M,GEN,FALSE,FALSE,FALSE,FALSE
63,Jewar,BJP,M,GEN,FALSE,FALSE,FALSE,FALSE
64,Sikandrabad,BJP,F,GEN,FALSE,FALSE,FALSE,FALSE
65,Bulandshahr,BJP,M,GEN,FALSE,FALSE,FALSE,FALSE
66,Syana,BJP,M,GEN,FALSE,FALSE,FALSE,FALSE
67,Anupshahr,BJP,M,GEN,FALSE,FALSE,FALSE,FALSE
68,Debai,BJP,F,GEN,FALSE,FALSE,FALSE,FALSE
69,Shikarpur,BJP,M,GEN,FALSE,FALSE,FALSE,FALSE
70,Khurja,BJP,M,S.C.,FALSE,FALSE,FALSE,FALSE
71,Khair,BJP,M,S.C.,FALSE,FALSE,FALSE,FALSE
72,Barauli,BJP,M,GEN,FALSE,FALSE,FALSE,FALSE
73,Atrauli,BJP,M,GEN,FALSE,FALSE,FALSE,FALSE
74,Chharra,BJP,M,GEN,FALSE,FALSE,FALSE,FALSE
75,Koil,BJP,M,GEN,FALSE,FALSE,FALSE,FALSE
76,Aligarh,BJP,M,GEN,FALSE,FALSE,FALSE,FALSE
77,Iglas,BJP,M,S.C.,FALSE,FALSE,FALSE,FALSE
78,Hathras,BJP,M,S.C.,FALSE,FALSE,FALSE,FALSE
79,Sadabad,BSP,M,GEN,FALSE,FALSE,FALSE,FALSE
80,Sikandra Rao,BJP,M,GEN,FALSE,FALSE,FALSE,FALSE
81,Chhata,BJP,M,GEN,FALSE,FALSE,FALSE,FALSE
82,Mant,BSP,M,GEN,FALSE,FALSE,FALSE,FALSE
83,Goverdhan,BJP,M,GEN,FALSE,FALSE,FALSE,FALSE
84,Mathura,BJP,M,GEN,FALSE,FALSE,FALSE,FALSE
85,Baldev,BJP,M,S.C.,FALSE,FALSE,FALSE,FALSE
86,Etmadpur,BJP,M,GEN,FALSE,FALSE,FALSE,FALSE
87,Agra Cantt.,BJP,M,S.C.,FALSE,FALSE,FALSE,FALSE
88,Agra South,BJP,M,GEN,FALSE,FALSE,FALSE,FALSE
89,Agra North,BJP,M,GEN,FALSE,FALSE,FALSE,FALSE
90,Agra Rural,BJP,F,S.C.,FALSE,FALSE,FALSE,FALSE
91,Fatehpur Sikri,BJP,M,GEN,FALSE,FALSE,FALSE,FALSE
92,Kheragarh,BJP,M,GEN,FALSE,FALSE,FALSE,FALSE
93,Fatehabad,BJP,M,GEN,FALSE,FALSE,FALSE,FALSE
94,Bah,BJP,F,GEN,FALSE,FALSE,FALSE,FALSE
95,Tundla,BJP,M,S.C.,FALSE,FALSE,FALSE,FALSE
96,Jasrana,BJP,M,GEN,FALSE,FALSE,FALSE,FALSE
97,Firozabad,BJP,M,GEN,FALSE,FALSE,FALSE,FALSE
98,Shikohabad,BJP,M,GEN,FALSE,FALSE,FALSE,FALSE
99,Sirsaganj,SP,M,GEN,FALSE,FALSE,FALSE,FALSE
100,Kasganj,BJP,M,GEN,FALSE,FALSE,FALSE,FALSE
101,Amanpur,BJP,M,GEN,FALSE,FALSE,FALSE,FALSE
102,Patiyali,BJP,M,GEN,FALSE,FALSE,FALSE,FALSE
103,Aliganj,BJP,M,GEN,FALSE,FALSE,FALSE,FALSE
104,Etah,BJP,M,GEN,FALSE,FALSE,FALSE,FALSE
105,Marhara,BJP,M,GEN,FALSE,FALSE,FALSE,FALSE
106,Jalesar,BJP,M,S.C.,FALSE,FALSE,FALSE,FALSE
107,Mainpuri,SP,M,GEN,FALSE,FALSE,FALSE,FALSE
108,Bhongaon,BJP,M,GEN,FALSE,FALSE,FALSE,FALSE
109,Kishani,SP,M,S.C.,FALSE,FALSE,FALSE,FALSE
110,Karhal,SP,M,GEN,FALSE,FALSE,FALSE,FALSE
111,Gunnaur,BJP,M,GEN,FALSE,FALSE,FALSE,FALSE
112,Bisauli,BJP,M,S.C.,FALSE,FALSE,FALSE,FALSE
113,Sahaswan,SP,M,GEN,FALSE,FALSE,FALSE,FALSE
114,Bilsi,BJP,M,GEN,FALSE,FALSE,FALSE,FALSE
115,Badaun,BJP,M,GEN,FALSE,FALSE,FALSE,FALSE
116,Shekhupur,BJP,M,GEN,FALSE,FALSE,FALSE,FALSE
117,Dataganj,BJP,M,GEN,FALSE,FALSE,FALSE,FALSE
118,Baheri,BJP,M,GEN,FALSE,FALSE,FALSE,FALSE
119,Meerganj,BJP,M,GEN,FALSE,FALSE,FALSE,FALSE
120,Bhojipura,BJP,M,GEN,FALSE,FALSE,FALSE,FALSE
121,Nawabganj,BJP,M,GEN,FALSE,FALSE,FALSE,FALSE
122,Faridpur,BJP,M,S.C.,FALSE,FALSE,FALSE,FALSE
123,Bithari Chainpur,BJP,M,GEN,FALSE,FALSE,FALSE,FALSE
124,Bareilly,BJP,M,GEN,FALSE,FALSE,FALSE,FALSE
125,Bareilly Cantt.,BJP,M,GEN,FALSE,FALSE,FALSE,FALSE
126,Aonla,BJP,M,GEN,FALSE,FALSE,FALSE,FALSE
127,Pilibhit,BJP,M,GEN,FALSE,FALSE,FALSE,FALSE
128,Barkhera,BJP,M,GEN,FALSE,FALSE,FALSE,FALSE
129,Puranpur,BJP,M,S.C.,FALSE,FALSE,FALSE,FALSE
130,Bisalpur,BJP,M,GEN,FALSE,FALSE,FALSE,FALSE
131,Katra,BJP,M,GEN,FALSE,FALSE,FALSE,FALSE
132,Jalalabad,SP,M,GEN,FALSE,FALSE,FALSE,FALSE
133,Tilhar,BJP,M,GEN,FALSE,FALSE,FALSE,FALSE
134,Powayan,BJP,M,S.C.,FALSE,FALSE,FALSE,FALSE
135,Shahjahanpur,BJP,M,GEN,FALSE,FALSE,FALSE,FALSE
136,Dadraul,BJP,M,GEN,FALSE,FALSE,FALSE,FALSE
137,PALIA,BJP,M,GEN,FALSE,FALSE,FALSE,FALSE
138,NIGHASAN,BJP,M,GEN,FALSE,FALSE,FALSE,FALSE
139,GOLA GOKRANNATH,BJP,M,GEN,FALSE,FALSE,FALSE,FALSE
140,SRI NAGAR,BJP,F,S.C.,FALSE,FALSE,FALSE,FALSE
141,DHAURAHRA,BJP,M,GEN,FALSE,FALSE,FALSE,FALSE
142,LAKHIMPUR,BJP,M,GEN,FALSE,FALSE,FALSE,FALSE
143,KASTA,BJP,M,S.C.,FALSE,FALSE,FALSE,FALSE
144,MOHAMMDI,BJP,M,GEN,FALSE,FALSE,FALSE,FALSE
145,Maholi,BJP,M,GEN,FALSE,FALSE,FALSE,FALSE
146,Sitapur,BJP,M,GEN,FALSE,FALSE,FALSE,FALSE
147,Hargaon,BJP,M,S.C.,FALSE,FALSE,FALSE,FALSE
148,Laharpur,BJP,M,GEN,FALSE,FALSE,FALSE,FALSE
149,Biswan,BJP,M,GEN,FALSE,FALSE,FALSE,FALSE
150,Sevata,BJP,M,GEN,FALSE,FALSE,FALSE,FALSE
151,Mahmoodabad,SP,M,GEN,FALSE,FALSE,FALSE,FALSE
152,Sidhauli,BSP,M,S.C.,FALSE,FALSE,FALSE,FALSE
153,Misrikh,BJP,M,S.C.,FALSE,FALSE,FALSE,FALSE
154,Sawaijpur,BJP,M,GEN,FALSE,FALSE,FALSE,FALSE
155,Shahabad,BJP,F,GEN,FALSE,FALSE,FALSE,FALSE
156,Hardoi,SP,M,GEN,FALSE,FALSE,FALSE,FALSE
157,Gopamau,BJP,M,S.C.,FALSE,FALSE,FALSE,FALSE
158,Sandi,BJP,M,S.C.,FALSE,FALSE,FALSE,FALSE
159,Bilgram-Mallanwan,BJP,M,GEN,FALSE,FALSE,FALSE,FALSE
160,Balamau,BJP,M,S.C.,FALSE,FALSE,FALSE,FALSE
161,Sandila,BJP,M,GEN,FALSE,FALSE,FALSE,FALSE
162,Bangermau,BJP,M,GEN,FALSE,FALSE,FALSE,FALSE
163,Safipur,BJP,M,S.C.,FALSE,FALSE,FALSE,FALSE
164,Mohan,BJP,M,S.C.,FALSE,FALSE,FALSE,FALSE
165,Unnao,BJP,M,GEN,FALSE,FALSE,FALSE,FALSE
166,Bhagwantnagar,BJP,M,GEN,FALSE,FALSE,FALSE,FALSE
167,Purwa,BSP,M,GEN,FALSE,FALSE,FALSE,FALSE
168,Malihabad,BJP,M,S.C.,FALSE,FALSE,FALSE,FALSE
169,Bakshi Kaa Talab,BJP,M,GEN,FALSE,FALSE,FALSE,FALSE
170,Sarojini Nagar,BJP,F,GEN,FALSE,FALSE,FALSE,FALSE
171,Lucknow West,BJP,M,GEN,FALSE,FALSE,FALSE,FALSE
172,Lucknow North,BJP,M,GEN,FALSE,FALSE,FALSE,FALSE
173,Lucknow East,BJP,M,GEN,FALSE,FALSE,FALSE,FALSE
174,Lucknow Central,BJP,M,GEN,FALSE,FALSE,FALSE,FALSE
175,175-LUCKNOW CANTT.,BJP,F,GEN,FALSE,FALSE,FALSE,FALSE
176,Mohanlalganj,SP,M,S.C.,FALSE,FALSE,FALSE,FALSE
177,Bachhrawan,BJP,M,S.C.,FALSE,FALSE,FALSE,FALSE
178,Tiloi,BJP,M,GEN,FALSE,FALSE,FALSE,FALSE
179,Harchandpur,INC,M,GEN,FALSE,FALSE,FALSE,FALSE
180,Rae Bareli,INC,F,GEN,FALSE,FALSE,FALSE,FALSE
181,Salon,BJP,M,S.C.,FALSE,FALSE,FALSE,FALSE
182,Sareni,BJP,M,GEN,FALSE,FALSE,FALSE,FALSE
183,Unchahar,SP,M,GEN,FALSE,FALSE,FALSE,FALSE
184,Jagdishpur,BJP,M,S.C.,FALSE,FALSE,FALSE,FALSE
185,Gauriganj,SP,M,GEN,FALSE,FALSE,FALSE,FALSE
186,Amethi,BJP,F,GEN,FALSE,FALSE,FALSE,FALSE
187,Isauli,SP,M,GEN,TRUE,FALSE,FALSE,FALSE
188,Sultanpur,BJP,M,GEN,FALSE,FALSE,FALSE,FALSE
189,Sadar,BJP,M,GEN,FALSE,FALSE,FALSE,FALSE
190,Lambhua,BJP,M,GEN,FALSE,FALSE,FALSE,FALSE
191,Kadipur,BJP,M,S.C.,FALSE,FALSE,FALSE,FALSE
192,Kaimganj,BJP,M,S.C.,FALSE,FALSE,FALSE,FALSE
193,Amritpur,BJP,M,GEN,FALSE,FALSE,FALSE,FALSE
194,Farrukhabad,BJP,M,GEN,FALSE,FALSE,FALSE,FALSE
195,Bhojpur,BJP,M,GEN,FALSE,FALSE,FALSE,FALSE
196,Chhibramau,BJP,F,GEN,FALSE,FALSE,FALSE,FALSE
197,Tirwa,BJP,M,GEN,FALSE,FALSE,FALSE,FALSE
198,Kannauj,SP,M,S.C.,FALSE,FALSE,FALSE,FALSE
199,Jaswantnagar,SP,M,GEN,FALSE,FALSE,FALSE,FALSE
200,Etawah,BJP,F,GEN,FALSE,FALSE,FALSE,FALSE
201,Bharthana,BJP,F,S.C.,FALSE,FALSE,FALSE,FALSE
202,Bidhuna,BJP,M,GEN,FALSE,FALSE,FALSE,FALSE
203,Dibiyapur,BJP,M,GEN,FALSE,FALSE,FALSE,FALSE
204,Auraiya,BJP,M,S.C.,FALSE,FALSE,FALSE,FALSE
205,Rasulabad,BJP,F,S.C.,FALSE,FALSE,FALSE,FALSE
206,Akbarpur - Raniya,BJP,F,GEN,FALSE,FALSE,FALSE,FALSE
207,Sikandra,BJP,M,GEN,FALSE,FALSE,FALSE,FALSE
208,Bhognipur,BJP,F,GEN,FALSE,FALSE,FALSE,FALSE
209,Bilhaur,BJP,M,S.C.,FALSE,FALSE,FALSE,FALSE
210,Bithoor,BJP,M,GEN,FALSE,FALSE,FALSE,FALSE
211,Kalyanpur,BJP,F,GEN,FALSE,FALSE,FALSE,FALSE
212,Govindnagar,BJP,M,GEN,FALSE,FALSE,FALSE,FALSE
213,Sishamau,SP,M,GEN,TRUE,FALSE,FALSE,FALSE
214,Arya Nagar,SP,M,GEN,FALSE,FALSE,FALSE,FALSE
215,KIDWAI NAGAR,BJP,M,GEN,FALSE,FALSE,FALSE,FALSE
216,Kanpur Cantt.,INC,M,GEN,TRUE,FALSE,FALSE,FALSE
217,Maharajpur,BJP,M,GEN,FALSE,FALSE,FALSE,FALSE
218,Ghatampur,BJP,F,S.C.,FALSE,FALSE,FALSE,FALSE
219,Madhaugarh,BJP,M,GEN,FALSE,FALSE,FALSE,FALSE
220,Kalpi,BJP,M,GEN,FALSE,FALSE,FALSE,FALSE
221,Orai,BJP,M,S.C.,FALSE,FALSE,FALSE,FALSE
222,Babina,BJP,M,GEN,FALSE,FALSE,FALSE,FALSE
223,Jhansi Nagar,BJP,M,GEN,FALSE,FALSE,FALSE,FALSE
224,Mauranipur,BJP,M,S.C.,FALSE,FALSE,FALSE,FALSE
225,Garautha,BJP,M,GEN,FALSE,FALSE,FALSE,FALSE
226,Lalitpur,BJP,M,GEN,FALSE,FALSE,FALSE,FALSE
227,Mehroni,BJP,M,S.C.,FALSE,FALSE,FALSE,FALSE
228,Hamirpur,BJP,M,GEN,FALSE,FALSE,FALSE,FALSE
229,Rath,BJP,F,S.C.,FALSE,FALSE,FALSE,FALSE
230,Mahoba,BJP,M,GEN,FALSE,FALSE,FALSE,FALSE
231,Charkhari,BJP,M,GEN,FALSE,FALSE,FALSE,FALSE
232,Tindwari,BJP,M,GEN,FALSE,FALSE,FALSE,FALSE
233,Baberu,BJP,M,GEN,FALSE,FALSE,FALSE,FALSE
234,Naraini,BJP,M,S.C.,FALSE,FALSE,FALSE,FALSE
235,Banda,BJP,M,GEN,FALSE,FALSE,FALSE,FALSE
236,Chitrakoot,BJP,M,GEN,FALSE,FALSE,FALSE,FALSE
237,Manikpur,BJP,M,GEN,FALSE,FALSE,FALSE,FALSE
238,Jahanabad,Apna Dal (Soneylal),M,GEN,FALSE,FALSE,FALSE,FALSE
239,Bindki,BJP,M,GEN,FALSE,FALSE,FALSE,FALSE
240,Fatehpur,BJP,M,GEN,FALSE,FALSE,FALSE,FALSE
241,Ayah Shah,BJP,M,GEN,FALSE,FALSE,FALSE,FALSE
242,Husainganj,BJP,M,GEN,FALSE,FALSE,FALSE,FALSE
243,Khaga,BJP,F,S.C.,FALSE,FALSE,FALSE,FALSE
244,Rampur Khas,INC,F,GEN,FALSE,FALSE,FALSE,FALSE
245,Babaganj,IND,M,S.C.,FALSE,FALSE,FALSE,FALSE
246,Kunda,IND,M,GEN,FALSE,FALSE,FALSE,FALSE
247,Vishwanathganj,Apna Dal (Soneylal),M,GEN,FALSE,FALSE,FALSE,FALSE
248,Pratapgarh,Apna Dal (Soneylal),M,GEN,FALSE,FALSE,FALSE,FALSE
249,Patti,BJP,M,GEN,FALSE,FALSE,FALSE,FALSE
250,Raniganj,BJP,M,GEN,FALSE,FALSE,FALSE,FALSE
251,Sirathu,BJP,M,GEN,FALSE,FALSE,FALSE,FALSE
252,Manjhanpur,BJP,M,S.C.,FALSE,FALSE,FALSE,FALSE
253,Chail,BJP,M,GEN,FALSE,FALSE,FALSE,FALSE
254,Phaphamau,BJP,M,GEN,FALSE,FALSE,FALSE,FALSE
255,Soraon,Apna Dal (Soneylal),M,S.C.,FALSE,FALSE,FALSE,FALSE
256,Phulpur,BJP,M,GEN,FALSE,FALSE,FALSE,FALSE
257,Pratappur,BSP,M,GEN,TRUE,FALSE,FALSE,FALSE
258,Handia,BSP,M,GEN,FALSE,FALSE,FALSE,FALSE
259,Meja,BJP,F,GEN,FALSE,FALSE,FALSE,FALSE
260,Karachhana,SP,M,GEN,FALSE,FALSE,FALSE,FALSE
261,Allahabad West,BJP,M,GEN,FALSE,FALSE,FALSE,FALSE
262,Allahabad North,BJP,M,GEN,FALSE,FALSE,FALSE,FALSE
263,Allahabad South,BJP,M,GEN,FALSE,FALSE,FALSE,FALSE
264,Bara,BJP,M,S.C.,FALSE,FALSE,FALSE,FALSE
265,Koraon,BJP,M,S.C.,FALSE,FALSE,FALSE,FALSE
266,Kursi,BJP,M,GEN,FALSE,FALSE,FALSE,FALSE
267,Ram Nagar,BJP,M,GEN,FALSE,FALSE,FALSE,FALSE
268,Barabanki,SP,M,GEN,FALSE,FALSE,FALSE,FALSE
269,Zaidpur,BJP,M,S.C.,FALSE,FALSE,FALSE,FALSE
270,Dariyabad,BJP,M,GEN,FALSE,FALSE,FALSE,FALSE
271,Rudauli,BJP,M,GEN,FALSE,FALSE,FALSE,FALSE
272,Haidergarh,BJP,M,S.C.,FALSE,FALSE,FALSE,FALSE
273,Milkipur,BJP,M,S.C.,FALSE,FALSE,FALSE,FALSE
274,Bikapur,BJP,F,GEN,FALSE,FALSE,FALSE,FALSE
275,Ayodhya,BJP,M,GEN,FALSE,FALSE,FALSE,FALSE
276,Goshainganj,BJP,M,GEN,FALSE,FALSE,FALSE,FALSE
277,Katehari,BSP,M,GEN,FALSE,FALSE,FALSE,FALSE
278,Tanda,BJP,F,GEN,FALSE,FALSE,FALSE,FALSE
279,Alapur,BJP,F,S.C.,FALSE,FALSE,FALSE,FALSE
280,Jalalpur,BSP,M,GEN,FALSE,FALSE,FALSE,FALSE
281,Akbarpur,BSP,M,GEN,FALSE,FALSE,FALSE,FALSE
282,BALHA,BJP,M,S.C.,FALSE,FALSE,FALSE,FALSE
283,Nanpara,BJP,F,GEN,FALSE,FALSE,FALSE,FALSE
284,Matera,SP,M,GEN,TRUE,FALSE,FALSE,FALSE
285,Mahasi,BJP,M,GEN,FALSE,FALSE,FALSE,FALSE
286,Bahraich,BJP,F,GEN,FALSE,FALSE,FALSE,FALSE
287,Payagpur,BJP,M,GEN,FALSE,FALSE,FALSE,FALSE
288,Kaiserganj,BJP,M,GEN,FALSE,FALSE,FALSE,FALSE
289,Bhinga,BSP,M,GEN,TRUE,FALSE,FALSE,FALSE
290,Shrawasti,BJP,M,GEN,FALSE,FALSE,FALSE,FALSE
291,Tulsipur,BJP,M,GEN,FALSE,FALSE,FALSE,FALSE
292,Gainsari,BJP,M,GEN,FALSE,FALSE,FALSE,FALSE
293,Utraula,BJP,M,GEN,FALSE,FALSE,FALSE,FALSE
294,Balrampur,BJP,M,S.C.,FALSE,FALSE,FALSE,FALSE
295,Mehnaun,BJP,M,GEN,FALSE,FALSE,FALSE,FALSE
296,Gonda,BJP,M,GEN,FALSE,FALSE,FALSE,FALSE
297,Katra Bazar,BJP,M,GEN,FALSE,FALSE,FALSE,FALSE
298,Colonelganj,BJP,M,GEN,FALSE,FALSE,FALSE,FALSE
299,Tarabganj,BJP,M,GEN,FALSE,FALSE,FALSE,FALSE
300,Mankapur,BJP,M,S.C.,FALSE,FALSE,FALSE,FALSE
301,Gaura,BJP,M,GEN,FALSE,FALSE,FALSE,FALSE
302,Shohratgarh,Apna Dal (Soneylal),M,GEN,FALSE,FALSE,FALSE,FALSE
303,Kapilvastu,BJP,M,S.C.,FALSE,FALSE,FALSE,FALSE
304,Bansi,BJP,M,GEN,FALSE,FALSE,FALSE,FALSE
305,Itwa,BJP,M,GEN,FALSE,FALSE,FALSE,FALSE
306,Doomariyaganj,BJP,M,GEN,FALSE,FALSE,FALSE,FALSE
307,Harraiya,BJP,M,GEN,FALSE,FALSE,FALSE,FALSE
308,Kaptanganj,BJP,M,GEN,FALSE,FALSE,FALSE,FALSE
309,Rudhauli,BJP,M,GEN,FALSE,FALSE,FALSE,FALSE
310,Basti Sadar,BJP,M,GEN,FALSE,FALSE,FALSE,FALSE
311,Mahadewa,BJP,M,S.C.,FALSE,FALSE,FALSE,FALSE
312,MENHDAWAL,BJP,M,GEN,FALSE,FALSE,FALSE,FALSE
313,KHALILABAD,BJP,M,GEN,FALSE,FALSE,FALSE,FALSE
314,Dhanghata,BJP,M,S.C.,FALSE,FALSE,FALSE,FALSE
315,Pharenda,BJP,M,GEN,FALSE,FALSE,FALSE,FALSE
316,Nautanwa,IND,M,GEN,FALSE,FALSE,FALSE,FALSE
317,Siswa,BJP,M,GEN,FALSE,FALSE,FALSE,FALSE
318,Maharajganj,BJP,M,S.C.,FALSE,FALSE,FALSE,FALSE
319,Paniyara,BJP,M,GEN,FALSE,FALSE,FALSE,FALSE
320,Caimpiyarganj,BJP,M,GEN,FALSE,FALSE,FALSE,FALSE
321,Pipraich,BJP,M,GEN,FALSE,FALSE,FALSE,FALSE
322,Gorakhpur Urban,BJP,M,GEN,FALSE,FALSE,FALSE,FALSE
323,Gorakhpur Rural,BJP,M,GEN,FALSE,FALSE,FALSE,FALSE
324,Sahajanwa,BJP,M,GEN,FALSE,FALSE,FALSE,FALSE
325,Khajani,BJP,M,S.C.,FALSE,FALSE,FALSE,FALSE
326,Chauri-Chaura,BJP,F,GEN,FALSE,FALSE,FALSE,FALSE
327,Bansgaon,BJP,M,S.C.,FALSE,FALSE,FALSE,FALSE
328,Chillupar,BSP,M,GEN,FALSE,FALSE,FALSE,FALSE
329,Khadda,BJP,M,GEN,FALSE,FALSE,FALSE,FALSE
330,Padrauna,BJP,M,GEN,FALSE,FALSE,FALSE,FALSE
331,Tamkuhi Raj,INC,M,GEN,FALSE,FALSE,FALSE,FALSE
332,Fazilnagar,BJP,M,GEN,FALSE,FALSE,FALSE,FALSE
333,Kushinagar,BJP,M,GEN,FALSE,FALSE,FALSE,FALSE
334,Hata,BJP,M,GEN,FALSE,FALSE,FALSE,FALSE
335,Ramkola,Suheldev Bhartiya Samaj Party,M,S.C.,FALSE,FALSE,FALSE,FALSE
336,Rudrapur,BJP,M,GEN,FALSE,FALSE,FALSE,FALSE
337,Deoria,BJP,M,GEN,FALSE,FALSE,FALSE,FALSE
338,Pathardeva,BJP,M,GEN,FALSE,FALSE,FALSE,FALSE
339,Rampur Karkhana,BJP,M,GEN,FALSE,FALSE,FALSE,FALSE
340,Bhatpar Rani,SP,M,GEN,FALSE,FALSE,FALSE,FALSE
341,Salempur,BJP,M,S.C.,FALSE,FALSE,FALSE,FALSE
342,Barhaj,BJP,M,GEN,FALSE,FALSE,FALSE,FALSE
343,Atrauliya,SP,M,GEN,FALSE,FALSE,FALSE,FALSE
344,Gopalpur,SP,M,GEN,TRUE,FALSE,FALSE,FALSE
345,Sagri,BSP,F,GEN,FALSE,FALSE,FALSE,FALSE
346,Mubarakpur,BSP,M,GEN,FALSE,FALSE,FALSE,FALSE
347,Azamgarh,SP,M,GEN,FALSE,FALSE,FALSE,FALSE
348,Nizamabad,SP,M,GEN,TRUE,FALSE,FALSE,FALSE
349,Phoolpur Pawai,BJP,M,GEN,FALSE,FALSE,FALSE,FALSE
350,Didarganj,BSP,M,GEN,FALSE,FALSE,FALSE,FALSE
351,Lalganj,BSP,M,S.C.,TRUE,FALSE,FALSE,FALSE
352,Mehnagar,SP,M,S.C.,FALSE,FALSE,FALSE,FALSE
353,Madhuban,BJP,M,GEN,FALSE,FALSE,FALSE,FALSE
354,Ghosi,BJP,M,GEN,FALSE,FALSE,FALSE,FALSE
355,Muhammadabad- Gohna (SC),BJP,M,S.C.,FALSE,FALSE,FALSE,FALSE
356,Mau,BSP,M,S.C.,TRUE,FALSE,FALSE,FALSE
357,Belthara Road,BJP,M,S.C.,FALSE,FALSE,FALSE,FALSE
358,Rasara,BSP,M,GEN,FALSE,FALSE,FALSE,FALSE
359,Sikanderpur,BJP,M,GEN,FALSE,FALSE,FALSE,FALSE
360,Phephana,BJP,M,GEN,FALSE,FALSE,FALSE,FALSE
361,Ballia Nagar,BJP,M,GEN,FALSE,FALSE,FALSE,FALSE
362,Bansdih,SP,M,GEN,FALSE,FALSE,FALSE,FALSE
363,Bairia,BJP,M,GEN,FALSE,FALSE,FALSE,FALSE
364,Badlapur,BJP,M,GEN,FALSE,FALSE,FALSE,FALSE
365,Shahganj,SP,M,GEN,FALSE,FALSE,FALSE,FALSE
366,Jaunpur,BJP,M,GEN,FALSE,FALSE,FALSE,FALSE
367,Malhani,SP,M,GEN,FALSE,FALSE,FALSE,FALSE
368,Mungra Badshahpur,BSP,F,GEN,FALSE,FALSE,FALSE,FALSE
369,Machhlishahr S.C.,SP,M,S.C.,FALSE,FALSE,FALSE,FALSE
370,Mariyahu,Apna Dal (Soneylal),M,GEN,FALSE,FALSE,FALSE,FALSE
371,Zafrabad,BJP,M,GEN,FALSE,FALSE,FALSE,FALSE
372,Kerakat S.C.,BJP,M,S.C.,FALSE,FALSE,FALSE,FALSE
373,Jakhanian,Suheldev Bhartiya Samaj Party,M,S.C.,FALSE,FALSE,FALSE,FALSE
374,Saidpur,SP,M,S.C.,FALSE,FALSE,FALSE,FALSE
375,Ghazipur,BJP,F,GEN,FALSE,FALSE,FALSE,FALSE
376,Jangipur,SP,M,GEN,FALSE,FALSE,FALSE,FALSE
377,Zahoorabad,Suheldev Bhartiya Samaj Party,M,GEN,FALSE,FALSE,FALSE,FALSE
378,Mohammadabad,BJP,F,GEN,FALSE,FALSE,FALSE,FALSE
379,Zamania,BJP,F,GEN,FALSE,FALSE,FALSE,FALSE
380,Mughalsarai,BJP,F,GEN,FALSE,FALSE,FALSE,FALSE
381,Sakaldiha,SP,M,GEN,FALSE,FALSE,FALSE,FALSE
382,Saiyadraja,BJP,M,GEN,FALSE,FALSE,FALSE,FALSE
383,Chakia,BJP,M,S.C.,FALSE,FALSE,FALSE,FALSE
384,Pindra,BJP,M,GEN,FALSE,FALSE,FALSE,FALSE
385,Ajagara,Suheldev Bhartiya Samaj Party,M,S.C.,FALSE,FALSE,FALSE,FALSE
386,Shivpur,BJP,M,GEN,FALSE,FALSE,FALSE,FALSE
387,Rohaniya,BJP,M,GEN,FALSE,FALSE,FALSE,FALSE
388,Varanasi North,BJP,M,GEN,FALSE,FALSE,FALSE,FALSE
389,Varanasi South,BJP,M,GEN,FALSE,FALSE,FALSE,FALSE
390,Varanasi Cantt.,BJP,M,GEN,FALSE,FALSE,FALSE,FALSE
391,Sevapuri,Apna Dal (Soneylal),M,GEN,FALSE,FALSE,FALSE,FALSE
392,Bhadohi,BJP,M,GEN,FALSE,FALSE,FALSE,FALSE
393,Gyanpur,Nirbal Indian Shoshit Hamara Aam Dal,M,GEN,FALSE,FALSE,FALSE,FALSE
394,Aurai,BJP,M,S.C.,FALSE,FALSE,FALSE,FALSE
395,Chhanbey,Apna Dal (Soneylal),M,S.C.,FALSE,FALSE,FALSE,FALSE
396,Mirzapur,BJP,M,GEN,FALSE,FALSE,FALSE,FALSE
397,Majhawan,BJP,F,GEN,FALSE,FALSE,FALSE,FALSE
398,Chunar,BJP,M,GEN,FALSE,FALSE,FALSE,FALSE
399,Marihan,BJP,M,GEN,FALSE,FALSE,FALSE,FALSE
400,Ghorawal,BJP,M,GEN,FALSE,FALSE,FALSE,FALSE
401,Robertsganj,BJP,M,GEN,FALSE,FALSE,FALSE,FALSE
402,Obra,BJP,M,GEN,FALSE,FALSE,FALSE,FALSE
403,Duddhi,Apna Dal (Soneylal),M,GEN,FALSE,FALSE,FALSE,FALSE